NAMA,ULASAN,TANGGAL,LABEL
CS Arsitekhijau,"Curug nya kurang jernih, bukan berarti kurang bersih ya, tapi kurang jernih karena banyak batang2 tumbuhan paku berduri di Dasar kolam, Curug nya gak dalam jadi gak asik buat berenang. Tiket masuk mahal 25rb tapi ada spot hiburan selain â€¦",2 hari lalu,1
Andi ikmal,"Seneng berkunjung ke lokasi ini karena bersih tidak ada sampah pengunjung,karena pihak pengelolah membuatkan tempat sampah interval 20 mtr.Hutan nan asri ini juga terawat dengan baik,tidak ada tangan-tangan jahil yg merusak.Air terjun di curug 7 nya juga segar dan alami.",sebulan lalu,0
Shinta Maulidya,"Bagus untuk keluarga. Harga masuk terjangkau, per orang 25rb. Parkir + titip helm per motor 10rbğŸ‘",sebulan lalu,0
Anes Mega Oktaviana,"Biaya parkir dan titip helm 1 motor 20K. Karcis 1 orang 25K. Pas masuk langsung disuguhi pemandangan yang indah. Di sini juga tersedia mushola. Tempatnya bersih. Pemandangannya juga sangat indah.Bagi yang tidak kuat nanjak, tidak â€¦",3 bulan lalu,0
ilham_official208,"Surganya untuk pada pencinta air terjun..Ada 5 curug yaitu curug 2, 3, 4, 5 dan curug 7 cilember ...terdapat jga pondokan/villa di curug 7 cilember lokasinya persis menghadap curug 7 .. dan terdapat jga camping ground.. curug yg pling jauh â€¦",5 bulan lalu,0
RADIANZ Channel,"Tempat yang wajib dikunjungi saat liburan ke puncak, tempatnya bagus, banyak selfi spot, penuh perjuangan saat jalan menuju curugnya tapi terbayar dengan keindahan waterfall nya",sebulan lalu,0
Robin Sinaga,"Tempatnya bagus, sukses trus buat pengelola.curug 7 mantap, naik lagi ke curug 5 lbih keren lagi. Monyetny kadang nakalğŸ˜ğŸ˜",2 bulan lalu,0
LOVELYTA PUTRI R,"Nyaman buat rekreasi keluarga, camping ground dan menikmati udara segar..ğŸ’¯ğŸ‘",2 bulan lalu,0
Dian Hudaya ST,"Lumayan terjal jalan mendaki ke air terjun nya, suasana sekeliling nya menyegarkan dengan pohon pinus dan ada penangkaran kupu2 nya juga",2 bulan lalu,0
Rizkia8 Afia,"Bersih,teratur,ada musholah,camping ground dan kamar mandi terang dan bersih..Parkir 20.000Masuk perorang 25.000 (anak2pun sama)(lumayan mahal)(Ketika kami berkunjung)",4 bulan lalu,0
David Just,"Wah... ini Salah satu tempat wisata curug paling legend nih. Mungkin sudah lebih dari 20 tahun ga ke sini. Tempatnya semakin rapih semakin bagus, sudah ada wisata camp nya juga. Semoga tetap lestari.",3 bulan lalu,0
Jamalludin,"Suasana alam yg nyaman.Jauh dari kebisingan.Ada Hotel,tempat Kemah,dan air terjun.Jaraknya pun ga jauh dari Tempat Parkir kendaraan..recomended",sebulan lalu,0
Iin Indrawati,"T4 nya kerenğŸ˜ luas, banyak wahana dan spot foto nya, bisa nge camp,warung,toilet nya bersih,ada mushola nya jgPokokny...t4 wisata yg lengkap, ga nyesel deh kalo kesiniğŸ˜ğŸ˜",5 bulan lalu,0
Ratri Gunari,"Sekarang udah lebih baik yaa kayaknya, masih aman ajak anak balita kesini.",3 bulan lalu,0
Iwan Prayitno,"Curug g ngecewain. Parkir masuk 10 K, Tiket 25 K/ org",sebulan lalu,1
Dedi Setiawan,"Tempatnya asri banget, biaya masuk 25ribu/orang. Ada taman kupu-kupu, air terjun, camping ground, banyak villa juga sekitaran tempat wisata. Cuman susah sinyal aja, selebihnya oke. Untuk yg bawa lansia sebaiknya jangan ke air terjun karena cukup jauh jalan kakinya dan menanjak.",4 bulan lalu,0
Udin. Udin. Masya,"masya allah indahnya cipta,an allah .bagaimana surganya tak dapat dibayangkan oleh akal subhanallah maha suci engkau a robb wass",sebulan lalu,0
Bayu Leni," pemandianya nggk nyaaman, banyak batu tajam dan air tidak dalam cuman seperut doang airnya",4 bulan lalu,1
Ryo Harry,"Curug yang gak nyusahin buat didatangi. Terutama Curug 7 jadi klo mau wisata alam dan gak terlalu nyiksa fisik tempat ini masih ok lah, sayangnya lokasi parkir untuk roda 4 agak jauh tapi masih ok lah. Tiket masuk cuma 25rb. Masih ok lah untuk wisata alam",2 bulan lalu,0
ARIF ALFAUZY,"Tempat oke banget, hatiÂ² kalau mau naik ke Curug 5 jalan agak licin dan selalu menjaga tata kerama untuk menghormati penghuni disana",5 bulan lalu,0
yefta renata,"Lokasi aga jauh dari jalan raya, hati hati yg bawa motor kudu bisa handling nanjak",sebulan lalu,1
Sukiyah Sukiyah,"Tempatnya adeeem,anak2 suka banget karena dpt pengalaman baru,dan ada kolam renangnya yg alami diair terjun",sebulan lalu,0
kartim timy,"Lokasi cukup dekat dr jln raya puncak. Udara sangat sejuk. Untuk yang ingin berwisata alam, sangat bagus dijadikan salah satu  tujuan. Info dr petugas d sana HTM berkunjung lokasi 25k. Camping per malam 35k diluar penyewaan alat alat.",2 bulan lalu,0
Swiss Karel," parkirannya ada tuiang palak nya, mobil langsung di lap2in trs minta ceban",sebulan lalu,1
Ismail Nagari,Aksesnya agak susah ya ke daerah perumahan.. pas kesini air terjunnya sedang surut.. dan sekarang jalan ke Curug 6 berasa lebih sempit.,9 bulan lalu,1
Mega Selvyanti,Jalur menuju Curug sudah bagus...penunjuk jalan pun sangat jelas.,2 bulan lalu,0
MiMax Group,17.8.20 hawa gak terlalu sejuk padahal dtg jam 8an,9 bulan lalu,1
arta deli,"Keren air Terjun nya, sudah di kelola dengan baik tempat wisata ini, recommended buat pencinta suasana alam",sebulan lalu,0
Ed Sikidua,"Pemandangan sangat Indah, bagi yg mandi di Air terjun harap berhati-hati takutnya ada batu yg jatuh bersama air terjun",5 bulan lalu,0
Galih Pratama, syg toiletna nyah tidak terurus kotor,sebulan lalu,1
myDay YT,"Indah dan cukup bersih saya tidak melihat sampah sedikitpun, salut dah sama pengelolanya",3 bulan lalu,0
Sugeng Candra Kirana,"tempatnya asik,alami...murah meriah tiketnya...meski jauh tapi sepadan dgn yg dirasakan di sana",6 bulan lalu,0
Ayu Azizah,Mestinya ada aturan ga boleh ngerokok di wilayah itu biar semua pengunjung nyaman menghirup udara disana,sebulan lalu,1
Samsun Ramlie,"Pegunungan di Indonesia memang sangat mengesankan, membentang dari ujung Indonesia bagian timur hingga barat. Keindahannya tidak hanya ada di atas puncaknya saja, melainkan dengan lereng-lerengnya yang terdiri dari air terjun dan juga â€¦",setahun lalu,0
Saeful lah,"Mau acara apapun buat keluarga kantor arisan reunian..,pasti heppi suasana dn pesona alam yg ok banget",6 bulan lalu,0
Hurry Hawariyah,"ini tepat nya d Kampung Air, salah satu villa d dekat Curug Cilember..Sangat asri, d kelilingi aliran sungai dari Air Curug yg sangat jernih...Tempat yg sejuk, banyak pepohonan, dan bunyi air gemercik kombinasi yang sempurna..sungguh indah ciptaan Mu ya Allah...",3 bulan lalu,0
Tantri,Bagus untuk latihan traking dengan pemandangan yang bagus dan nyaman,sebulan lalu,0
Leony Agustien,"Tempat wisata alam yg menyenangkan buat yg suka tracking, udaranya sejuk, airnya dingin, bisa camping jg klo mau, ada outbond jg, dan permainan lain spt memanah dan sepeda gantung. Itu semua berada di lokasi curug 7. Klo kita mendaki lg â€¦",7 bulan lalu,0
Felix Arcan,"Villa damar nya lumayan bersih, perabotan nya lengkap, ada kompor, peralatan masak, aqua, rice cooker. Komplit..Hanya air panas nya saja keluar nya kecil, jadi lama nunggu nya.Pas kami ke sini curug nya sedang kering, debit air yg â€¦",8 bulan lalu,0
laybro selatan juragan,"Tempatnya sangat nyaman,viewnya ok banget,fasilitas lengkap,ada kolam renang anak dan dewasa jg,pelayanan ok...tambah lagi dekat dg wisata air terjun curug cilember.mantap banget dh...",4 bulan lalu,0
sang dewi,"Penjaga parkir, loket, ramah smua.Aku hanya sampe curug 7.Pas santai biskuit keju dan waper tanggo aku di rebut monyet.   Tapi lumayan lah. Enak y kesana deket.Parkir mobil 10rbMasuk per org 25rb untuk",6 bulan lalu,0
Lilis Nurellisa,"Lokasinya lumayan mudah di temui, tapi jalanannya ngga terlalu besar lewat2 permukiman warga. Dari lokasi parkir ke curugnya ngga terlalu jauh hanya jalan kaki sekitar 10 menitan aja, cocok banget untuk yang ngga suka jalan kaki jauh. Di â€¦",5 bulan lalu,0
Edy Supriyanto,"semenjak pandemi covid 19 agak kurang terawat, sampah berserakan, semak belukar tumbuh liar,,,",4 bulan lalu,1
RANDI ARADEA,Cakep dah  Pokoknya,5 bulan lalu,0
Gunawan Sudarmanto,"Tempatnya tdk luas tp tertata dgn baik... kadang ad monyet2 yg turun... buat yg ingin kemping ceria bersama keluarga sarana lengkap.. toilet, mushola, bahkan warung pun dekat...",8 bulan lalu,0
Tamara Siregar,"Selain air terjun terdapat juga taman kupu kupu sebelum mencapai curug 7.Untuk masuk ke tempat wisata ini dikenakan biaya Rp. 25,000/pax.Saran: agar tetap ditingkatkan kebersihan dan keasrian di sekitar. Terlalu banyak fasilitas sewa tenda/tikar membuat keasrian alam menjadi berkurang, tidak bersih dan lokasi terlihat kumuh.",4 bulan lalu,0
Dernias Pakpahan,"Wisata air terjun, lumayan capek utk naik keatas. HatiÂ², jgn sembarang menaruh barangÂ² (sebaiknya simpan didlm tas supaya tdk terlihat) banyak monyet nakal yg suka mengambil barangÂ² kita, apalagi makanan. Temanku gak sengaja taruh botol minum diatas batu, secepat kilat diambil monyet",4 bulan lalu,1
Zainal Abidin,"Suasana asri,adem ,tidak jauh dr jakarta",sebulan lalu,0
yudi Syarif,Bagus bagetMau kemah bawa tiker.Sukur2 kebagian tempat musim libur.Spot bagusnya sudah tidak bisa d gunakanSudah d tempati tukang sewakan semuaKalau mau dapat spot  bagus bayar lgğŸ˜…ğŸ˜…ğŸ˜…,4 bulan lalu,0
Cahyo Cahyo,Ok jg buat keluarga.. Kasih 4 bintang dulu yaaa,sebulan lalu,0
Iwank Syukrillah,Asik untuk keluarga,4 bulan lalu,0
Efrizal Bustami,Keren.. Adem sejuk bikin seger,6 bulan lalu,0
Alan Wiki Priadi,"Seru, banyak wahana bermainnya juga di sini ada 7 curug.untuk dari curug yang paling bawah ke atas lumayan jauh, jika di hitung perjalanan sekitar 20 menit tanpa istirahat.sekedar saran mungkin lebih di tambahkan lagi papan informasi jalan dan tempatnya agar mempernudah pengunjung memahami area.",5 bulan lalu,0
Muhamad Arie Project,"Di Bogor, ada sebuah curug yang mengesankan dimana di tempat ini terdapat 7 curug yang berbeda-beda. Dengan suhu kurang lebih 18 hingga 23 derajat, membuat sobat native akan merasakan kesegaran dan kebugaran saat menghirup udara di tempat â€¦",setahun lalu,0
hasan sadiq,"Wisata Curug Cilember yang merupakan tempat wisata yang terdapat 7 air terjun di lokasi yang sama, hal itu yang menjadi pusat perhatian di kawasan wisata ini. Dari ke 7 air terjun tersebut biasanya yang paling sering dikunjungi adalah air â€¦",3 tahun lalu,0
Damar Mahesa,Kalau ke curug 7 butuh tenaga ekstrak ,9 bulan lalu,1
Dadang Sumarta,Tempat ini cocok lah untuk menyegarkan mata dan sejenak membuang kepenatan dan kejenuhan hiruk pikuk kehidupan terutama jika kita hidup tinggal dan bekerja di kota.Banyak pilihan villa di sekitarannya untuk menginap bersama keluarga.,4 bulan lalu,0
Ardhi Ansyah, Tolong Toilet/kamar ganti tidak di pungut uang kebersihan lagi...Karna tiket masuk 25Rb seharusnya fasilitas WC free,4 bulan lalu,1
Yati Yani,"Sy sangt sukan alm apalgi tmpatny brsh dan sjuk, sangat mnyjukn hati",7 bulan lalu,0
rianggi ichmi,"Ke sana pas tanggal 24 Oktober 2020 kemaren, harga tiket masuk Rp 25.000;, tarif parkir motor kebetulan pas weekend Rp 10.000;. Banyak spot foto instagenik, suasana adem, sejuk, seger.",6 bulan lalu,0
Joko Martono,Tempat indah dan udaranya sejuk cocok untuk berlibur bersama keluarga dan kerabat,7 bulan lalu,0
siti munawaroh,Tempatnya nyaman buat camping..Gak terlalu dingin.. atau karna pas camping gak hujan ya..Tiket terjangkau. 70rb 2 org.. parkir motor 15rb..Fasilitas lengkap.. mushola.. toilet bersih bgt.,5 bulan lalu,0
Fina Agustin,Seneng banget kalo kesini.. Adem tempatnyaa.. Alhamdulillah ada tempat untuk istirahat dan piknik bareng keluarga.  Musholanya juga adem bangetttğŸ˜­ bikin pingin kesini lagi,8 bulan lalu,0
Dika Rinakuki,"Air terjun nya tidak terlalu besar tp cukup menyenangkan, dingin pastinya, gak rugi deh",3 bulan lalu,0
Dea Nuriza,"Tempat nya bagus, nyaman dan alam bangett.. suka pokoknya ğŸ‘,, ada berbagai macam wahana biasa nya suka ada monyet liar pas gitu.. untuk ke curug nya harus siap kaki soalnya untuk ke curug nya agak capek nanjak nyağŸ˜.. overall semuanya okeğŸ˜‰ğŸ‘",5 bulan lalu,0
Hakri Jojo," banyak yang buang sampah sembarangan, apa lagi bungkus roko dan puntung rokok.- harusnya bikin aturan di larang merokok, supaya bisa menikmati udara alam yang sebenarnya.- rata â€¦",setahun lalu,1
poday yosamada,"sudah bagus pengelolaannya, ada banyak pilihan permainan dan fasilitas mulai dari rumah hobbit, kandang kelinci, flying fox, flying bike (semacam bersepeda di seutas tali), konservasi kupu kupu, area kemping dan vila di dalam lokasi curug, â€¦",8 bulan lalu,0
#wisata alam bogor#,Mantap bos may chnel.     wisata Curug bogor,seminggu lalu,0
Anne Nasution,Harga makanan disana berkali kali lipat..Better tanya harganya dulu berapa sblm pesen..,3 bulan lalu,1
Haidir Heliamasa,"Bagus, Banyak Spot Foto, Akses jalan nya Mudah",4 bulan lalu,0
chris natalia,Tempat nya bagus,2 bulan lalu,0
Mohammad Muhyidin Nurzaelani,Tempatnya sudah rapih dan bersih..,4 bulan lalu,0
Dicky A. D,"Tolong petunjuk arah jalan ke curug 2,3,4 di perjelas lagi, sebab jika smpai di tengah perjalanan tidak ada lagi petunjuk yg mengarah langsung ke air terjun tersebut, jalan pun bercabang cabang, sehingga di khawatirkan tersesat dan kesasar ke jalur pendakian yg sudah cukup jauh ke atas.",6 bulan lalu,1
gorango doreri,View nya asri n menyenangkan,2 bulan lalu,0
Kartika Nurdian,Bagus.. adem.. wkt saya kesitu Hari senin bayarnya 25rb/org,8 bulan lalu,0
fadilah akbar,"Wisata air terjun yg ada di Bogor. Sesuai namanya, ada 7 curug atau air terjun di tempat ini. Tiap curug lokasinya bedaÂ² tergantung ketinggiannya. Hati-hati saat hujan jalan setapak licin. Disarankan tidak pakai sandal jepit buat menuju ke â€¦",setahun lalu,0
Alfath Mila,"Wah kl bahas tempat ini mah ga ada kata bosennnn,, tempat nya yahudd seri adem nyaman n sempet camping disini walaupun bukan weekend n itu cuma saya dan keluarga kecil saya yg camping tapi aman terkendali brooo..lebih yahudd lagi pas pagi â€¦",setahun lalu,0
doublethr3," Curugnya bagus, fasilitas umum untuk kamar mandi dan toilet sudah tersedia. Untuk makan dan minum tersedia di sekitaran curugnya",6 bulan lalu,0
Sukma Amin,Enak buat liburan keluarga dengan suasana alami.... bisa buka tenda di camping ground nya....,4 bulan lalu,0
Taufik Hidayat,"suasananya asri, cocok untuk melepas penat tidak jauh dari jakarta",sebulan lalu,0
achmad jufauzi,Wisata Mata bisa liat yg hijau2. Pemanasan kaki dlu si sebelum masuk curug ini. ,5 bulan lalu,0
CHAERUL KOMARA,Air terjun di kabupaten Bogor tempatnya bagus di perbukitan di jalur puncak.,5 bulan lalu,0
Nanang Antono,"Sungguh indah dan Mash sangat asri suasana nya sejuk dan nyaman sehingga sejauh mata memandang, banyak pepohonan segar yg menghampar serta banyak spot permainan yg menarik tuk di mainkan",6 bulan lalu,0
dewi Aslamah,Tenang banget disni,2 bulan lalu,0
Maheswari werdha,Parkir motor 10 RB udh kayak bawa truck aja. Tiket masuk 25 rb. Kendala parkir aja sih,6 bulan lalu,1
BelajarJadiIbu Channel,Dari parkiran ga usah jalan jauh ke curug. Curugnya besar dan ada kolam nya. Kalo mau ke curug 6 nanjaknya cukup capek dan banyak monyet liar terus jalan nya sepi karena kebanyakan hanya di curug 7 saja.,2 tahun lalu,0
Noriko Tika,"nge camp di saung hawu, semalam berasa kurang. pokoknya ini jadi tempat favorit kalo mau ngabur dr hiruk pikuk jkt.",6 bulan lalu,0
Dian Hay,"Tempatnya nyaman dan enak buat refreshing, pelayanan ramah, parkir dan penitipan helm jg sangat terjangkau dan tdk ada pungli sama sekali... Mantul",6 bulan lalu,0
usef efendi,tempat yang sangat cocok untuk wisata mendinginkan otak dari kepenatan,2 minggu lalu,0
Danang P. Sasongko,"Waahh ini lokasinya sangat rekomen untuk melihat air terjun yang banyak. Tidak jauh dari Exit Tol Gadog, Kab. Bogor. Harga tiket masuk sangat sebanding dengan suasana di dalamnya.",2 tahun lalu,0
HNFZN,Lumayan lah. Cukup sejuk. Untuk perjalanan menuju curug cukup mudah.,7 bulan lalu,0
Eki Rizki,"Camping groundnya dekat dengan curug tujuh. Masih banyak monyet berkeliaran, jadi asyik. Ada pondokan juga di dalamnya.",5 bulan lalu,0
Victor Creative Studios,"Curug 7 Cilember adalah salah satu tempat wisata air terjun yang ramah bagi pengunjung, karena jarak lokasi air terjun yang tidak jauh dari pintu masuk. Cocok sekali dijadikan tempat berlibur untuk keluarga â­ï¸ğŸ‘",2 tahun lalu,0
Syahri Rahmadani,Seru ka curug ini. Walaupun tanjakannya terjal tapi aksesnya sudah dibuat mudah. Tapi belum ada pengaman dibagian kanan kiri kalo utk akses ke curug yang lebih tinggi. Jadi hatiÂ². Jgn pake sepatu yang licin. Karna tangganya ngga rata.,setahun lalu,0
Zhafran Story,"Kalau datang ke sini mending hari biasa saja supaya tidak macet dan bisa menikmati curug yang ada.. Kemarin saya ke sana 10 hari setelah lebaran, masya Allah ramainya.. Sampai gak bisa menikmati air terjunnya.",setahun lalu,1
Rahmah Khamoon,"Tempatnya emang luas ya, banyak spot foto, bisa ngecamp. Harga makanannya juga standar",setahun lalu,0
Nugroho Ardhi,gak ada pungli kaya curug2 baru lain di bogor,2 tahun lalu,0
heri heri,belum sampe ke semuanya udah ngos2an aj ğŸ˜…ğŸ˜…ğŸ˜­,9 bulan lalu,1
YoEfRaN AmRaNy,"Lokasi tdk jauh dari Bogor, udara tdk terlalu dingin tp segerrr,",setahun lalu,0
tantri sevtian,"Cantik,keren,nyaman...",3 bulan lalu,0
Reza Baizuri,Bagus sdh terawat,6 bulan lalu,0
DwiYanti,"Tempatnya asiek punya, mau dateng pagi siang malem gak ada batasan... gak bawa bekal pun banyak penjual makanan dgn harga gak nembak... ada lokasi penginapan.. mau camping pun bisa, kayu bakaran tersedia di penjual dgn harha 30rb 1 ikat",setahun lalu,0
Sarah Melissa,.suasana nyaman dan sejuk..banyak tempat makan jg di â€¦,2 tahun lalu,0
Via Shizukaria,"Keren sih, banyak sewa villa juga. Dan gak mahal nyewa vilanya. Cukup untuk 50an orang",2 tahun lalu,0
Nathalie Chay,"Bagus, nyaman",3 minggu lalu,0
Muhammad Sofyan Ali,"Perjalanan kecurug cilember ini agak susah karena dia masuk kedalem dri jalan raya, dan jalannnya pun ga terlalu lebarHarus hati2 kalau ingin kesini",setahun lalu,1
Dwi Alvian Gani,"Cocok bangat nih tempat buat kalian yang mau liburan / ngilangin kegabutan di rumah, apalagi yang liburannya di isi cuma buat ghibahin orang wkwk. Di Curug 7 dan 5 bisa buat tempat ngecamp, kalo fav gue sih di Curug 5 lebih asik aje â€¦",setahun lalu,0
Nay Eza,Liburan dulu ah jangan gantang trus ğŸ™ˆğŸ˜‚,5 bulan lalu,0
Djoko Tribowo,Penuh Pedagang tp sepi Pengunjung Skr.... HTM mahal jadi Percuma... Taq ada yg bisa di Nikmati lagi....,7 bulan lalu,1
Uli Sinaga,Sayangnya jalur menuju curug terlalu kecil dan licin,sebulan lalu,1
bambang kristiyanto,Salah satu lokasi buat menenangkan pikiran..curugnya indah..ada beberapa curug..perlu sedikit perjuangan buat sampai keatas...,setahun lalu,0
Dedhy Triyo,"Curug bertingkat , udara sangat sejuk ,Tapi kurang nya keterangan dan arah panah jadi bikin agak bingung",6 bulan lalu,0
Mulyana,suegerrr....banget,sebulan lalu,0
Mohamad Handal Islami,Tempat yang enak buat wisata ga jauh dari Ibu Kota jakarta. tempat yang cukup ramai tapi masih bisa dinikmati alamnya. disini biaya masuk sekitar 20 ribu perorang. ketika masuk anda kan di sajikan dengan jalan setapak yang cukup lebar untuk â€¦,2 tahun lalu,0
Abdul Rohman,"curug nya kurang luas buat berenang, cuma bisa main air sambil foto2 doang",6 bulan lalu,1
riyan toro,Airnya dingin banget,sebulan lalu,0
Agung Rtiga,"Sudah banyak kemajuan jalan sudah cukup baik, fasilitas kebersihan bagus dirawat, muaholla juga bagus dan bersih...semoga lebih baik lg",6 bulan lalu,0
Wahyu Virnandes,Mantab buat buang penat keramaian jakarta... Lokasi hijau dingin.,4 bulan lalu,0
Rizki Apri,Tempat yang nyaman karena di dalam curug ini terdapat 7 curug yang indah mulai dari curug 7 sampai curug 1 tapi untuk menuju ke curug satu bnyak tantangannya harua menanjak keatas dn di perlukan pembimbing untuk menuju ke atas  karena â€¦,setahun lalu,0
Taufik Muhammad,Tempat yang pas buat Liburan bareng keluarga,5 bulan lalu,0
Bahrunbassic2 Aja,"Sip...tempat enak,,sejuk bersih. Cuma bagi yg mengunakan roda empat harus sedia receh byk,karena setiap tikungan byk pak ogah... Hayuk budayakan berwisata",setahun lalu,0
Rizky Giffari,Trip to Curug 7 Cilember bersama keluarga RMB - GRTJ Bekasi ...Wisata alam yg sejuk nan asri.. dengan beberapa air terjun dan juga ada kolam refleksi ikan dengan beberapa saung di setiap curugnya..,2 tahun lalu,0
Muhamad Edo Lesmana,Hunting poto sekalian jalan jalan mantep si buat koleksi feed ig,5 bulan lalu,0
Tri Mulyono,"Udara,Suasana lingkungan,pemandangan cukup nyaman untuk kita refreshing dan lokasi tdk terlalu jauh,silahkan di kunjungi",2 tahun lalu,0
buchori_ bird,"Tempat nya bagus ,, akses mudah ,, recomended",3 bulan lalu,0
aris sengke,Curug ci lember luar biasa ğŸ‘ğŸ‘ğŸ‘ banyak bonus trek nya,6 bulan lalu,0
Hage,Liburan,4 hari lalu,0
dewy kho,Salah satu tempat rekreasi keluarga yang sangat di rekomendasikan.keindahan alam dan air terjun yang cantik,setahun lalu,0
Trisnanto Yuono,"Tempat wisata air terjun yang indah, suasana hutan pinusnya dapat dan secara keseluruhan kondisinya bersih. Warung2 tertatat rapih, tersedia area camping juga. Banyak permainan di sekitar curug 7, cocok juga untuk anak2. Jika kuat boleh dicoba ke curug 5 dan curug lainnya. Dijamin gempor lututnya..:) T.O.P",setahun lalu,0
Dani jebong,Air nya dingin banget huhu,5 bulan lalu,0
Mohamad Nuralim,Disarankan datang kesini menggunakan kendaraan pribadi roda dua. Dikarenakan lebar jalannya hanya muat 2 motor. Selain itu rutenya menanjak dan berbatu. Saya sendiri melewati rute ke curug ini jatuh beberapa kali. Hehe..Sampai di pintu â€¦,2 tahun lalu,1
Robi Busolli,jalan menuju curug berbatuan berlumut hati hati,4 bulan lalu,1
CV. Barokah Maun Bayid suplier air pegunungan,Tempat nya yg sangat alami. dan udara yg sejuk tanpa ada polusi membuat sya betah untuk tinggal di area itu.,2 tahun lalu,0
Taufik Anwar,Harga masuknya 25 rb buat dewasa. Lumayan juga naeknya ke curug 7. Untungnya banyak titik tempat duduk buat kita istirahat sejenak.,8 bulan lalu,0
Firdaus Rachmat RR,untuk yag membawa makanan harus agak hati2 karna masih banyak kera liar di sini yg suka merebut makanan pengunjung,setahun lalu,1
Darajat Akrom,"Pengalaman menjelajah hutan dan alam yang sangat asri, udaranya segar airnya jernih,,banyak wahana-wahana lainnya seperti panahan, taman kupu-kupu, outbound, flying fox dan pastinya Air Terjun cilembernya.. tempatnya rame apalagi di liburan â€¦",setahun lalu,0
hendri gunawan,Percuma ada Kontak.....telpon 20x-100x gaada respon....pusat informasi kurang ğŸ‘,7 bulan lalu,1
Palul channel,"selain alamnya sejuk, air terjunnya ada 7. ada juga tempat bermain untuk anak anak maupun dewasa. ada taman kupu kupu juga loh.",setahun lalu,0
ShamMind - The Art Of SUWUNG,"Lumayan bagus tempatnya,Nyaman, cocok untuk wisata bersama keluarga atau pasangan..",setahun lalu,0
anas nasiri,hebat mantul wisata alam dengan penuh lestari,5 bulan lalu,0
daniel jonathan,"tempatnya sangat asri..lokasi tidak jauh dari jakarta,,terletak di cisarua..fasilitas lengkap,,selain air terjun ada tempat buat kemah,spot swa foto,permainan outbound...dan penangkaran kupu kupu..bagi pecinta kuliner tersedia banyak pilihan makanan krn bnyak kios penjual makanan..",setahun lalu,0
Diaz Pramana,"Mendaki dahulu, berenang kemudian ğŸ˜‚ğŸ˜‚",2 bulan lalu,1
Bagus Nugroho,Mantab pkoknya,sebulan lalu,1
channel nurul,"Curug cilember jd rekomndasi wisata yg cocok buat keluarga dan pasangan muda mudi..Jlan dr parkiran menuju curug cukup jauh tp tidak melelahkan krna byak spot yg bisa dkunjungi,. Ada spot untuk berfoto dgn bunga2, fto gaya ala indian, â€¦",setahun lalu,0
Uiz Muhammad,Keren bagus,sebulan lalu,0
Asep Mulyana,Suasananya sangat asri. Udara segar.,5 bulan lalu,0
Erikha ai,Dulu bagus bgt. Skrg sejak corona ini bnyak yg gak terurus wahana dan spot fotonya,6 bulan lalu,1
ruben gotlif aunisuni,"Airnya bersih, udaranya segar, lingkungan bersih dan nyamanğŸ‘ğŸ¼ğŸ‘ğŸ¼ğŸ‘ğŸ¼ğŸ‘ğŸ¼",sebulan lalu,0
fahri chanel,Tempat nya sejuk .bersih . pemandangan yg indah.,3 bulan lalu,0
Bossquida Delly,Kurang Kopi Di air terjun nya,sebulan lalu,1
Drian S,"Jalan menuju ke sini sempit banget, jadinya sering macet ga jelas karena 2 mobil ketemuan. Untuk parkiran banyak yg menyediakan walaupun harga pun mahal. Untuk tiket masuk 25 ribu. Dan trekingnya sudah bagus, ada aspal dan batu2an. â€¦",setahun lalu,1
Heri Bambang,Cukup bagus...apalagi kalau ditambah koleksi bunga atau pohon yg didisplay untuk edukasi,6 bulan lalu,0
syarofi rofy,Bagus tempatnyaCuman sayangnya d pas mau masuk k gang yg arah k curuknya g ada papan namanya./ papan namanya kuarang jelas,2 tahun lalu,1
Purnawati Yudha,"Slh satu destinasi wisata alam yaitu curug 7 cilember yg menyuguhkan keindahan alam yg asri,tempatnya adem airnya dingin jg sejuk.disini jg menyediakan fasilitas utk camping trek menuju jurug ini menanjak kudu kuat fisik mesti lelah klo â€¦",2 tahun lalu,0
Flugor Tetuko,"boleh lah nih tempat wisatanya..bagi yg kuat mendaki disarankan untuk sampe ke curug 4,3,2 atau sampe curug 1 (pertama)..yg mau reflexy ikan juga bisa..gratisan juga..waktu digigitin ikan rasanya kaya kaki lagi kesemutan..seru lah..",3 tahun lalu,0
boru_juntak,"tempat wisata yg murah meriah dgn keindahan alam yang luar biasa, akses curug pun mudah di lalui.. hanya saja hrs sedikit berhati2 pada jalur tanjakan menuju curug ini.",2 tahun lalu,0
Okky Oktaviandi Tuahuns,Parkirnya mahal,sebulan lalu,1
Bagus Setyo,Kawasan wisata air terjun ini akan menjadi kawasan wisata yang paling menantang bagi para pengunjung karena terdapat tujuh buah air terjun yang bisa dinikmati dalam satu kawasan sekaligus.Setiap pengunjung bisa mencoba tantangan dikawasan wisata ini karena setiap air terjun memiliki tingkat kesulitan yang berbeda disetiap levelnya.,2 tahun lalu,0
Suhendy Hasanudin,"Suasana pegunungan yg bikin kangen..sejuk banget, bagus waterfallnya..cocok untuk liburan bareng keluarga besar, penyewaan vila relatif murah, ada fasilitas air hangat,dapur dan toilet yg bersih",setahun lalu,0
Starbugs Ice Bubble,Airnya kotor ya..,8 bulan lalu,1
Siti Rusnawati,"Indah,sejuk,rindang dan bikin betah..Selalu ramai pengunjung dari lokal dan warga asing juga..",2 tahun lalu,0
Zildan Rasendria,Asyik sekali buat wisat...Lumayan buat refresing otak yg penat,9 bulan lalu,0
Ibun Dewa,Manteb jiwa bt holiday klrg,5 bulan lalu,0
Muhammad Reza Akbar S Tr Par,Tempatnya bagus.  Cocok untuk menghilangkan stress karena pekerjaan. Nuansa sangat alami dan natural tidak banyak disentuh tangan tangan manusia. Wajib datang kesini untuk liburan bersama keluarga kerabat dan pasangan,3 tahun lalu,0
Fadhilah Nurfiati,"Tempat yang nyaman, tetapi terlalu ramai pengunjung, jika misalkan ingin mendapatkan benar-benar back to nature akan baik jika datang pagi. Karena suasana nya benar-benar segar. Ini wajib kalian coba.",9 bulan lalu,0
Rosyid Putra Maharta,Dateng pagi aja biar ky private waterfall ğŸ¤£,5 bulan lalu,0
Ncep S Setiawan,"Jauh2 dr jakarta pas nyampe cuma liat aer jatoh, pinggang pegel lagi... :DTrus, jalan menuju kesananya sempiiit... Harus sabar jika berpapasan dgn kendaraan didepan.",2 tahun lalu,1
eko yulianto,"Keran, masih banyak monyet nya",sebulan lalu,0
Mohammad Giffari,"Tiket 25 per orang, cukup luas",7 bulan lalu,0
Ronih,Lumayan tapi tarip masuk terlalu mahal. ,5 bulan lalu,1
Herman S, tempat parkir kurang luas,6 bulan lalu,1
Rahadian r,Alam sekitar bagus,5 bulan lalu,0
Eko Shethyaone,Tempatnya sejuk dan disuguhkan dengan pemandangan alam yang masih bernuansa alami mantap untuk yang suka berpetualang di wisata alam yang menantang.,3 tahun lalu,0
sam cell,"Tempatnya alami, sejuk, namun jalan menuju lokasi lumayanan curam, hati"" buat berkendara, kendaraan kurang fit alias ngeden baiknya jangan kesana bahaya...",9 bulan lalu,0
Edi Suriadi,kurang petunjuk arahnya dan masih perlu perbaikan,setahun lalu,1
annisa nur Hanifah,"Curug Cilember salah satu curug favorit!! Selain karena view nya, sarana prasarana serta fasilitas nya sudah bagus banget. Biaya masuk 25.000 (weekend) worth it sama yang didapat. Harga makanan nya cukup murah untuk di kawasan wisata, saya â€¦",2 tahun lalu,0
yudi setiawan,"curugnya bagus banget, airnya dingin, mitosnya membuat awet muda, tiket masuknya Rp 25.000. Pas dicurugnya kalau bawa makanan hati-hati banyak monyet liar.",setahun lalu,0
Sofyan Taslim,Akses ke lokasi sudah jalan beton. Tiket masuk 25 ribu rupiah. Fasilitas cukup lengkap banyak permainan outbond tapi bayar ditiap permainannya.,setahun lalu,0
ikashop04 ika,jlnan batunya kudu dirapihin lagi byr tidak ada yg tergelincir,7 bulan lalu,1
Julia Juliapersesos,Akses untuk mobil aga smpit,2 bulan lalu,1
Indah Tifaningrum,Suasananya adem dingin karna memang di perbukitan. harga tiket masuknya terjangkau untuk roda dua pemandangannya apalagi sudah disediakan peta biar ga nyasar banyak spot buat foto yang cakep,2 tahun lalu,0
Sardi Riansyah,"Seputaran curug 7 ada villa disewakan dn kalo mau menikmati alam ya bawa tenda camping,,tersedia juga penyewaan tenda",setahun lalu,0
Ayu Pratiwi,Tiket masuk terlalu mahal kalau pas masuk ditiap wahana nya bayar lagi. Tempat kurang terawat.,8 bulan lalu,1
bayu Saputra,Tempat okelah,setahun lalu,0
Fatkur Rochim,"Back to nature. Cocok buat pilihan melepas penat dari aktivitas sehari-hari karena udara yang bersih dan suasana asri. Terdapat objek wisata air terjun, penginapan dan area camping. Banyak terdapat penjual makanan dan minuman di dalam â€¦",2 tahun lalu,0
SeptianJod,"Tempatnya tdk membosankan, design classic nan alami, bnyk tempat sampah dan di pilah bahan organik dan non  ada hewan liar seperti monyet berkeliling di pohon serasa di hutan",3 tahun lalu,0
Diana S,"Paket komplit plittt.. ada air terjun, camping ground, outbond, dan banyak spot foto menarikğŸ‘",setahun lalu,0
BEN'S HOLIC_25,Bagus tempatnya..akses dari parkir motor/mobil gak jauh...terjangkau..cuma fasilitas bermain untuk anak masih sedikit,2 tahun lalu,0
muhamad irpan,"Pemandangan indah, udara sejuk dan dingin, selalu ramai pengunjung, fasilitas lengkap",setahun lalu,0
gie,"Sangat indah, bersih dan nyaman... Harga sangat bersahat",5 bulan lalu,0
dian mardyani rajab,recommended curug dgn Jalan raya puncak.mantap,5 hari lalu,0
Ikhwanul Hakim,"Wisata yang menyenangkan saya ke sini naik motor jalannya naik turun , dari parkiran ke curug jalan kaki menanjak sekitar 1 km . Banyak permainan spt flaying fox , sepeda gantung , dll",2 tahun lalu,0
aji Massaid,Naiknya berat.. tp setelah sampai pecah dah kecapeannya di hadapan ada air terjun yg mantap dah..,setahun lalu,1
Yuha Sbu2,"Pemandanganya sangat bagus dan penuh kesejukan,, bnyak wahana permainan dan edukasi tentang  alam, yg utama biayanya pas di kantong",setahun lalu,0
Obie Savana,Semoga tetap terjaga keasrianya walaupun sekarang ini banyak turis-turis yang berdatangan ke Curug Cilember,setahun lalu,0
Intan Febrina Wulandini,Tempatnya kereeennnn.....recommended buat yg suka tantangan....terlebih untuk anak muda..,2 tahun lalu,0
Waluyo Ajach,Tempat nya enak buat acara Rihlah atau Tadabur Alam,2 tahun lalu,0
MOMIKA SHOP,"macet parah kemarin, gara2 salah jalan. Niatnya pengin nerobos malah lewat jalan yg ngerii",2 tahun lalu,1
Riinaa Naa Ruslan,Suka banget dgn wisata ini udara y sejuk nyaman untk liburan dgn keluarga,setahun lalu,0
dwi oktapiyah,"Hallo semua! Kali ini saya akan merekomendasikan lagi nih tempat wisata yg dijamin seru dan Murmer, yappp Curug 7 Cilember. Buat yg takut kakinya sakit tenang ga terlalu jauh kok , disini Murmer banget untuk parkiran cuma 10.000 dan â€¦",2 tahun lalu,0
Zidan alvian syahputra,Tempat favorit,2 bulan lalu,0
andi mulyono,"Tempat nya oke, namun untuk parkiran harga nya kurang bersahabat. Makanan dan minuman diatas standar.",2 tahun lalu,0
Muhammad Ikhsan Sanusi,"Untuk refreshing dan olahraga tempatnya seru asik, harga tiket masuk 25k weekend, bayar parkir 10k, awalnya ngerasa takut rame padahal udah kebeberapa curug masih sepi, ada terapi ikan free, cuman sayangnya beli snack atau minum harganya â€¦",2 tahun lalu,0
Arif Fauzi Calvert,Mantap mantap,2 bulan lalu,0
Tanjung Purwoadi,Lokasi wisata air terjun di atas puncak bogor lokasi masih lumayan mudah dijangkau kendaraan roda 4,setahun lalu,0
DinaDivokta,"Mantap buat latihan fisik bareng anak-anak silat, kami naik tanpa menggunakan alas kaki, fasilitas ok, petunjuk arah jelas dengan 3 bahasa, indonesia, arab dan inggris.",2 tahun lalu,0
Oji Fathan,"Air terjun cukup dekat, mudah di jangkau banyak warung dengan nuansa arab.",setahun lalu,0
Hafidh Adityo,Adem...,sebulan lalu,0
Azhar Annas,"mantap lelah. harga tiket 20k, parkir 10kcocok buat anak2. camp ceria. taman kupu2, dll. bnyak ruko jual makanan sampai pijat.curug cukup jauh 2 jam otw pp dari curug 7 sampai curug 2. tp seruhati2 jika keadaan hujan cukup licin.",2 tahun lalu,0
Alatas TV,"Banyak local guide bilang udah buka, nyata nya belum dibuka.. masih di tutup. Sudah sampai dilokasi ternyata ditutup di pintu utama.. hadehhh",10 bulan lalu,1
VPM_TV,Tempat yg Masih Asri dan cocok untuk camping disini.,setahun lalu,0
FARHAN SAPUTRA,"Tempat wisata yg recomended bngt, pemandangan nya masih bagus, terdapat taman kupu-kupu, warung makan, mushola, camp, tempat santai dan perjual pernak-pernik bisa buat buah tangan. Banyak turis asing timur tengah dll.",3 tahun lalu,0
AMIR ELECTRA,"Sayamah suka aja udah kalo udh ketemu air terjun, untuk sampai ke tujuan lumayan bikin kaki pegel dan bdan mandi kringet ğŸ˜ kalo ngajak temen yang agak gemuk kadang suka kasian liatnya, engap banget tu kalo udh nanjak nanjak ..",2 tahun lalu,0
Triya Hadi Susanto,Tempat yg sejuk...cocok untuk refreshing keluarga...akses jalannya sempit tapi msih bisa dilewati mobil...wajib di coba kalau ke puncak bogor.,2 tahun lalu,0
Taqarrub Ilallah,Tempatnya sudah ter konservasi dengan baik dan rapih ğŸ˜†ğŸ‘ğŸ»,5 bulan lalu,0
Hadi Wijaya,"Tempatnya nyaman, udaranya segar bs buat terapi bagi penerita gangguan pnyakit jantung",setahun lalu,0
M16Yuusuf,Tempat yang indah ğŸ‘ Banyak turis timur tengah juga ğŸ˜… So banyak tulisan bahasa Arab ny ğŸ˜,2 tahun lalu,0
Bie Chiangs,Bayar masuk nya nggak bikin kantong jebol. Di dalam juga banyak tempat yang amazing.,2 tahun lalu,0
Munti Rosmini,"Waaahh,,,,asyeeek bangeet dah tempat nya,,,walaupun cape, ngos2 an untuk mencapai curug 5 cilember yg lumayan medan nya,,,tp semua terbayar setelah sampai ke atas.Buat yg suka petualang hrz kesana dl deh.Recommended deh yaak,,,",3 tahun lalu,0
Gilank Wijaya,Tempat nyang bagus Dan nyaman,sebulan lalu,0
Chamars 2000,"Sebuah tempat yang menawarkan keindahan alam yang memang menjadi salah satu lokasi wajib dikunjungi, dan pengelola terlihat memperhatikan kenyamanan pengunjung, hal ini terlihat dr kebersihan lokasi dan parkiran kendaraan yg tertata..",4 tahun lalu,0
ghondhil channel,Good lah pokonya,3 bulan lalu,0
teddy setiady,Bagus dan bersih,5 bulan lalu,0
ale comel,Pas kesana sedang hujan tapi tetep menyenangkan dan keren lah.,5 bulan lalu,0
Tommy Wijaya,Curug yg berada di megamendung cisarua...tidak terlalu jauh jalan kaki dari parkiran ke curugnya.,3 tahun lalu,0
Umi Kulsum,Seru pokoknya tempat.. Jadi pengen kesitu lagi,setahun lalu,0
hent 28,Like banget pokokny cuman gara2 saya dan teman2 kesana pas libur lebaran jdi kurang puas nyampenya juga jm 2 jdi cumam main 2 jam doang,setahun lalu,0
MAS SUTOPO PURNOMO.,Tempatnya masih alami hanya jalannya seram menanjak sangat terjal hati2 bila kendaraan ga fit.,setahun lalu,0
Tutik Handayani,Indah pemandangannya dan air terjunnya keren bgttt...,setahun lalu,0
Yusuf Anung,"Tempat wisata alam yg sangat indah,sejuk,segar,air terjunnya cukup keren,jernih ,ada 7 bh air terjunnya,kita bisa telusuri dg mendaki gunung nya, sangat cocok untuk camping,ada penginapan milik Perhutani harga sewanya cukup mahal 1 Jt an â€¦",3 tahun lalu,0
Verdy Imandaguna,"Sungguh ciamik air terjunnya, kalian harus kesini, lumayan laah sedikit tantangannya",2 tahun lalu,0
charles prawono,Adem dan seger,6 bulan lalu,0
Esrani Panjaitan,"Pengalaman buruk, kapok gak mau kesini lagi masuk 22ribu parkir 15ribu mau keluar dipalak 10rbu. Waktu masuk gak ada yg bagus di dalam spot foto love bayar. Kurang berkesan bgt kesini",2 tahun lalu,1
Muhammad Said,Fisik harus kuat untuk naik ke curuq yg berikutnya,2 tahun lalu,1
Rateen Aep,"Airnya lagi surut, kalo udh agak sore byk monyet turun gunung ğŸ˜ğŸ˜",8 bulan lalu,1
Abdul Manaf,Tempat ya ok....,5 bulan lalu,0
Budi Yono,indah dan sejuk....kabutnya ajib,2 bulan lalu,0
"Dian Abdul Su'ud,SpdI",Sementara ini belum dibuka untuk umum krn ada pandemi Covid 19,10 bulan lalu,1
Andriyue Valentino,"Sampaikan kepada semua, buang sampah pada tempatnya.",6 bulan lalu,1
Fernanda,"Lumayan buat refreshing, tracking ke curug juga udah bagus, yg hobby camping ada penyewaan tenda,",2 tahun lalu,0
Renie Kumalasari,"Banyak pungli, tidak cocok untuk anak2, jalan ke air terjun jauh, di sungainya banyak sampah, mainan anak2 tidak terawat, kotor dan usang",8 bulan lalu,1
Ratna Pratiwi,Pengalaman yg melelahkan di sini. ,2 tahun lalu,0
Liliek Wahyu,Masih tetap indah,5 bulan lalu,0
Agus Medianto,Cocok buat yg nyari tempat main air yg adem  ada banyak curug,3 tahun lalu,0
Kuntum Khaira Ummah,"Kecewa saya dan keluarga sudah jauh-jauh datang, tapi ternyata masih tutup padahal di website nya buka:(",10 bulan lalu,1
Budi Irawan,"Tempat nya sejuk, View nya luar biasa !!untuk yg gw kuat Naik, cukup di Curug 5 saja",2 tahun lalu,0
Farhanpraw,"Ga menyesal jauh2 kesini, jalur kesini melewati jalur puncak, kalo tidak salah tiket masuk 35k, parkir motor dan helm 10k, Dan keperluan pribadi secukupnya kalian, ada perkemahan, ada hutan, ada Curug dan air terjunnya.",2 tahun lalu,0
Siti Sumarni,Keren dingin,4 bulan lalu,0
Prayogo PH,seru banget lebih enak naik motor daripada mobil,5 bulan lalu,0
Rizky Bp,"Tempat bagus... Jarak curug 7 ke 1 sekitar 1,5 jam pemandangan bagus... Dan jalannya cukup menantang",2 tahun lalu,0
NGAPAK berklintung,"Tempat yang paling cocok buat explorer,Sebenernya masih banyak curug dikawasan ini,tapi karna waktu ga memungkinkan,kita cuma bisa mengeksplor 2 dri 7 curug dikawasan ini,",4 tahun lalu,0
Nurul Dwi Larasati,Datang ke Curug Cilember pas libur Lebaran. Wagelaseeehhhhh ramai banget! Sampai bingung mau duduk dimana karena sudah ditempati banyak orang. Air terjunnya juga banyak dikerumuni orang buat selfie-wefie.Tapi gue nggak sempet mandi atau â€¦,setahun lalu,1
Muhammad alfi fauzi,Tempat wisata yang sangat nyaman dan relatif ekonomis. Cocok untuk keluarga,6 bulan lalu,0
Faronasa Vernando Mendrofa,Tempatnya bagus,3 bulan lalu,0
Firda Rezer,Edukasi yg bagus bagi anak untuk mengenal alam,2 tahun lalu,0
Billa Suarez,"Pemandangan alamnya mantap banget,kalau mau ke sini harus extra hati hati ya ,karna jalannya menanjak dan berbelok belok",2 tahun lalu,0
Robby Robman,Hati hati dingin dan keren untuk mandi juga enak. Romantic lah,3 tahun lalu,0
Helmy Agustina,Asik tempatnya ih.,3 tahun lalu,0
Siti Nurhayati,Tempat nya bagus,2 tahun lalu,0
Ridho Dewi Andina,"Tempatnya bagus, tidak ada pungli dr desa. Tiket masuk 22k perorang. Ada taman kupukupu, taman cinta (exclude), sepeda gantung (exclude) dan rumah hobbit for kid (exclude)",2 tahun lalu,0
Yamini Yami,Mantep banget..... Buat kemah jg bagus....Nuansa alam yg mantep banget,setahun lalu,0
yunan morfosis,"Suasana yang sejuk dan asri saat memasuki kawasan ini, dikelilingi dengan banyak spot foto buatan maupun spot foto alam, namun harga tiket yang relatif mahal untuk wisata air tejun",setahun lalu,0
Vint,Jalan menuju Curug 7 Cilember....sempit cuma muat 1 mobil seperti sedan... Sedang di dalam area wisata sekarang sudah banyak bangunan warung  di sekitar jalan setapak.....    Tapi suasana pegunungan tetap terasa....,2 tahun lalu,0
Didon Ajje,Kalo lagi sepi bagus buat foto ğŸ‘ğŸ‘ğŸ‘,4 bulan lalu,1
Dee Kei,"Sejauh ini kalau mau camping di sekitaran Cisarua masih cilember tujuannya... Saya lihat sudah ada beberapa perbaikan dari pengelola. Dulu setiap masuk toilet harus bayar, dan mungkin di sekitaran curug 7 perlu ditambah lagi fasilitas â€¦",3 tahun lalu,0
Ahmed Zamal,Ajib juga trek nya,6 bulan lalu,0
Febri Aming,"Villa Kampung Air di pintu masuk Curug Cilember ini nyaman sekali, tempatnya bagus, sangat asri penuh dengan pepohonan.",2 tahun lalu,0
rismha che,"Jarak dari pintu masuk ke curug 7 tidak jauh, di sediakan aneka permainan dan toilet serta ruang ganti yg bersih,, yg pasti sejuk dan dingin sekali,, wkwkwk",setahun lalu,0
sartika izzati,"Bagus dan lumayan terawat, biaya masuknya sekarang 25rb perorang. Akses ke air terjunnya juga ga susah.",setahun lalu,0
Suci Purnama,Keren bangett ni...walaupun prjalanan panjang dan terjal..tpi puas,2 tahun lalu,0
MuhammadAdy Nugroho,Indah tempatnya,3 bulan lalu,0
Daneo christian,Curug yg terdekat dengan Jakarta...  Ada area camping nya.. ada taman kupu2.. suasana enak.. banyak turis Arab nya.. hampir yg dagang dsana kalo bikin menu pake bahasa Arab...,3 tahun lalu,0
Mang Judin,Mantap dinginnya,4 bulan lalu,0
asep sumantri,Masih alami,setahun lalu,0
Yeni Lisyani,jlnnya berbatu2 ,6 bulan lalu,1
Dadan Wardana,Tempat nya mendaki..,5 bulan lalu,1
Yudisthira Ibnu Prawira,"Tempatnya tidak terlalu jauh dari keluar tol namun jalan masuknya harus teliti karena gang kecil, pemandangannya indah dan asri ada terapi ikan dan taman kupu kupu, tanjakannya lumayan terjal sehingga agak melelahkan namun terbayar oleh indahnya air terjun di tujuan, manajemen parkir kurang rapih terutama untuk sepeda motor.",3 tahun lalu,0
Anies Heriyanto,Jalan munuju tempat wisata ini agak sempit ,4 tahun lalu,0
samsiah samsiah,Banyak monyet yang berkeliaran sampai makanan saya diambil,5 bulan lalu,1
yogie zetta,Salah satu wisata alam dipuncak Bogor ..cocok buat yg suka rfreshingg yang tiap harinya sibuk bekerja ..cocok buat alternatif ..refsresh pikiran..ga terlalu jauh dari jalan raya..selain itu banyak wahana lain seperti outbound & lainnya..cocok juga untuk anak2,setahun lalu,0
Markus Sanarko,Hati-hati banyak pacet (lintah).,3 tahun lalu,1
Arifman,"Jarak antar Curug lumayan jauh dan bikin anda ngos-ngosan, tempat nya indah, parkiran juga lumayan luas. Cuman saya rasa air terjunnya tidak tinggi.",setahun lalu,1
Kuro Nega,"Tempat nya bagus,, cukup tertata rapih,, cuma untuk toilet nya masih harus di rapihkan lagi,, dan penambahan penunjuk arah ke setiap curug agar lebih di perjelas lagi.,",2 tahun lalu,0
Fajar Iqbal,Tempat yg nyaman untuk camping keluarga,2 bulan lalu,0
Tresna Ramadhan,"Buat destinasi touring enak bgt, air terjunny jernih bgt bisa langsung diminum ğŸ‘",2 tahun lalu,0
Rofvy Ardiansyah,"pegel, banyak alay buang sampah sembarangan.  sejuk sangat",2 tahun lalu,1
Etika Nurrohmah,Baguss.. Adeem.. Jalannya juga gak cape karena gak nanjak banget..,6 bulan lalu,0
Alfiah Wahyu,Very recommended untuk kalian yang suka bgt petualang dan ingin menikmati udara segar. Suntuk sama kerjaan? Sekolah? Ingin liburan? Gausah jauh jauh bisa kesini kokk! dan untuk tiket masuknya juga terjangkauğŸ˜Š,3 tahun lalu,0
asep junaedi,wisata recomended. tpi jgn datang pas hari2 besar gk puas fto2,2 tahun lalu,0
Junaidi edi,sangat indah sekali,6 bulan lalu,0
Inan Inan,Aga lemot,4 bulan lalu,1
NR Channel,cuma cuaca kurang mendukung,4 bulan lalu,1
Nur Raini,Bagus,2 bulan lalu,0
Ahmad Aini,"Sagat baik ,tempat y dan nyaman untuk rehad sekeluaga",6 bulan lalu,0
Bahy Helmi H P,"jarak antar curug cukup jauh, fasilitas toilet yang bagus juga hanya di curug terbawah (curug 7), biaya masuk 25rb / orang. utk yg gak suka hiking mungkin akan kurang worth ir",2 tahun lalu,1
adam salim,Perjalanan menggunakan kendaraan roda 4 perlu ekstra hati hati akses menuju ke lokasi harus saling bergantian. Klo lagi papasan dengan mobil lain. Perlu di waspadai pas masuk ke lokasi tanjakan sangat tajam.... Klo pas kedalam tempatnya asik. Dan harus berstamina juga untuk mengeksplor semua curug alias air terjun,2 tahun lalu,1
Ahmadillah ahmadillah,"tidak ada tempat berteduh (kecuali yg berbayar ada) kalau hujan, yaah tuk mengingatkan aja bahwa bogor kota hujan",3 tahun lalu,1
Achmad Ludfi,Udara nya segar ada lokasi camping dan fish teraphy,3 tahun lalu,0
rezapahlevi pahlevireza,"Bagus, enak",5 bulan lalu,0
Abdul Yasin,Tempat yg enak untuk yg suka treveling banyak curugnya,4 bulan lalu,0
Pratama,Butuh perjuangan buat kesini curug paling atas ğŸ˜‚ jd anak hiking dadakan,3 tahun lalu,1
yOGie,Bagus sihh tp klo hari libur ini lokasi rame bgt kayak pasar kaget...hehehe,2 tahun lalu,1
Yayat Supriatna,Indahnya ciptaan yang maha kuasa,5 bulan lalu,0
Muhamad Erwin,"Tempatnya cocok buat wisata air terjun, udaranya sejuk, dingin.Curugnya bagus.Akses jalur menuju curug 5 sampai curug 1 cukup terjal. Diharapkan untuk berhati hati.",3 tahun lalu,0
adam m Destriawan,Biaya masuk nya mahal 25rb per perorang,2 tahun lalu,1
Wira Jr,"Wisata Alam Dengan Pemandangan Yang Indah,, Bisa Menguji Fisik Serta Stamina Dan Sudah Banyak Perubahan..",setahun lalu,0
Wahid edu,Seugerr menantang,5 bulan lalu,0
Rizie Nitinegoro," bus ga bisa masuk,",3 tahun lalu,1
BUSUR HUJAN,Tempat nya enak dan sejuk cocok buat liburan keluarga,2 tahun lalu,0
Herisdianto Ris,Enak buat main air,5 bulan lalu,0
Ajeng Difta,Bagus tempat nya,7 bulan lalu,0
harti jaya,Bersih keren dan rekomendasi cuman pedagang mengganggu pemandangan,5 bulan lalu,0
Yana Herdiana, jarak curug satu ke curug lainya lumayan nanjak lagi,3 tahun lalu,1
dudung suhandi,nuansa tempatnya alami banget... sepanjang jalan gemercik suara air waduhh seger banget..,3 tahun lalu,0
Yunita Anna Adelina S,"Curug 7 Cilembar tempat air terjun yg tdk jauh untuk dijangkau, tempatnya yg asri dan nyaman. Dapat membawa keluarga & anak untuk mengunjunginya.",2 tahun lalu,0
Putra Nathan,Tempat wisata yang asyik. Murah meriah. Naik motor jauh lebih enak ke sini.,3 tahun lalu,0
Lontong Balap,Sampai sana tutup....di situ bilang nya buka 24 jam,7 bulan lalu,1
R.afiransyach moendari,air terjunnya dingin banget sampe mencucuk tulang.ada area tuk kemping murah meriah 25rb,2 tahun lalu,0
Muhamad Thamrin,Tempat paling favorit tuk keluarga saya Bikin kangen tuk camp Family,2 tahun lalu,0
Burhan Channel,air terjunnya dingin banget sampe mencucuk tulang.ada area tuk kemping murah meriah 25rb,setahun lalu,0
Hendra Laksono,Tempatnya bagus banget buat foto,8 bulan lalu,0
ahmad rahdi,Banyak Police Line Nya,9 bulan lalu,1
dede rosmiyati,"Tempat wisata yang mudah dijangkau dari Jakarta, hanya harus hati hati karena jalannya cukup terjal dan curam.Curugnya banyak dan bagus bagus, tempatnya juga sejuk.",3 tahun lalu,1
Joko Sulistyanto,harus hati hati karena jalannya cukup terjal dan curam.Curugnya banyak,3 hari lalu,0
Lydia Febriani,naik ke curug berasa lagi hiking ğŸ˜‚ğŸ‘,6 bulan lalu,1
Irwan Saputra,Saya suka tempat ini bukan karena ada air terjun nya tapi karena tempat teduh dan aroma khas gunung nya.,3 tahun lalu,0
Ary Sakti P Siregar,Wisata air yg cukup asri...,5 bulan lalu,0
Andri NuMe,cukup bagus,2 tahun lalu,0
pemburu takjil,Tiket masuknya murah.. Cuma 25k.. Dan masih Asri ada monyetnya juga..,2 tahun lalu,0
Ana Desi Astuti,"Tapi aksesibilitas menuju Curug Cilember, masih sangat terbatas. Jalan sempit &  berlubang. Bahkan untuk berpapasan sesama mobil pribadi pun sulitnya.....Perlu pembenahan dan perluasan akses jalan.",3 tahun lalu,1
Wida Eka Widaningrum,Yuu.. Liburan kesini.. Reccomended banget...,2 tahun lalu,0
Robby Awaludin,Tempatnya dikelola dengan baik,5 bulan lalu,0
Fetra Koto,Curugnya bagus dan asri..,3 bulan lalu,0
Pratama Shinta,Keren..,sebulan lalu,0
AL RAMADHAN SUWARNO,Keren seperti adanya musik yg merdu disandingkan,setahun lalu,0
egi blues,Keren,4 bulan lalu,0
mc_desain,Nyaman parah. Gila capeknya pas udah nemu Curug ke-2. Mau nyari yg ke-1 tapi belum dibuka untuk publik. Tapi pemandangannya sangat memuaskan. Subhanallah mantapz sekali,setahun lalu,0
Dwi Rizki,sayang banyak sampah plastik dibawah curug 5,setahun lalu,1
Adhani Rizqullah Al Thaafi,"Kalau kesini harus hati-hati karena jalanannya agak terjal dan kalau bawa anak-anak harus dijaga agar tidak terjadi hal-hal yang tidak diinginkan. Waktu kesini pengunjung sangat ramai, dan kebersihan tidak terlalu dijaga sehingga ada â€¦",setahun lalu,1
oky tresia,Tempat terlalu ramai dan sewaktu kesana air sedang dalam aliran kecil ;(,setahun lalu,1
Dika Rawi Apriliando,"Tempatnya asri, sejuk, hampir setiap sore itu hujan.. ada banyak curug di cilember tapi harus mendaki.. saya sudah mencapai curug 2 saat terakhir kesana .. good place dehh",4 tahun lalu,0
didi prasetyo,Tiket lumayan cukup mahal untuk domestik,3 bulan lalu,1
Yanwar Syahputra,Tempat yang bagus dan sejuk untuk camp..dan main air curug..,setahun lalu,0
Hardhiyanto Eko Saputro,Perjalanan menuju tempatnya agak sempit sehingga lama di jalan,2 tahun lalu,1
alvinaulia rahman,"Toilet bersih, masuk 25rb parkir 10rb",6 bulan lalu,0
Bimo Setiawan,"Lumayan luas dan masih alami banget tempatnya.. Yang bikin unik itu, Ada tahapan level di curugnya, juga ada rumah pohonnya Recommended banget main kesini sama keluarga dan pasangan",4 tahun lalu,0
zul fikar,Saya dan keluarga sering berkunjung kesini Berbagai macam wisata yang disediakan,4 tahun lalu,0
okto handoko,Masih belum explore banget. Jd 3 dulu bintangnya,2 tahun lalu,1
Martina Susanti,Saya dan keluarga sering berkunjung kesini Berbagai macam wisata yang disediakan,2 tahun lalu,0
Gian Prastiyo,akses jalan yang kecil sering membuat macet ketika 2 mobil berpapasan.,2 tahun lalu,1
Maydarlis Cannel,"Mantaap,suasanya asri,airnya masih bening,salah satu air terjun terdekat dari Jakarta",4 tahun lalu,0
Hendra Gunawan,Lumayan latihan panasin dengkul lagi,setahun lalu,1
Aben Setiono,"Tempatnya enak buat liburan, murah, parkiran ada, jalannya lumayan gak jauh tapi nanjak",2 tahun lalu,1
Abdan Syakuro,"Gue heran kenapa hari Jumat siang banyak orang Arab, mereka ngajarin doang tapi sendirinya kaga jumatan, udh kyk surga jalur lokal",setahun lalu,1
Liah Lestari,Seger bat airnya,setahun lalu,0
Sheina Setya,"Airnya jernih sekali, dingin, seger, cocok buat kalian yg hidup di kota, kalau sudah sampai tempat ini pasti gak mau pulang, duduk di bawah pohon pinus sambil makan mendoan dan kopi panas, ğŸ˜Š.yang mau beribadah di curug 2 dari arah bawah ini ada musholanya, pasti rasanya mau balik kesini lagi Bogor ",2 tahun lalu,0
marina ismanto,Ok bgt buat yg suka hiking n maei air Kalo ga mau hiking jauh bisa main air di curug paling bawah Ada juga tempat mainmain,2 tahun lalu,0
Sam Nugo,tempat wisata alam yang masih asri dan nyaman.,6 bulan lalu,0
Muhammad Firza Arvian,Cocok untuk liburan keluarga,6 bulan lalu,0
Aris Aswin,Pemandangan yg asri dan begitu indah air terjun nya,7 bulan lalu,0
Djoko Tribowo,Makin Ramai Pedagang Bkn Pengunjung nya....,7 bulan lalu,1
Yoga yulistyan,Gak nyesel deh datang kesini berasa beban hutang ilang liat pemandangan disini.,3 tahun lalu,0
sandi ahmad saefudin,"Akses ke lokasi wisata mudah, fasilitas lengkap. Cocok untuk keluarga, Karena jarak antara tempat parkir dan lokasi curug cukup dekat. Bisa camping dan ada kolam terapi Ikan yg unik.",3 tahun lalu,0
Oman Homsa,Akses via minibus sempat ga kuat nanjak mesti ambil ancangancang dari jauh,3 tahun lalu,1
Joko Temok jaler piambak,Lumayan bagus dan bersih tempatnya,8 bulan lalu,0
Ayu Permata,tempatnya bagus banyak spot untuk selfie tempat bilasnya juga banyak,setahun lalu,0
Dini Oktaviani,untuk yang butuh ketenangan bisa ke curug 6 atau 5 kalo yang 7 terlalu ramai,3 tahun lalu,0
Shinta & Cinta Channel,"kangen bareng temen kantor, airnya bening tempatnya banyak spot foto",setahun lalu,0
Dicky Kurniawan,jalur naik ke curug doang yg agak bahaya kalo gak hati,setahun lalu,1
Hidayat Dwi Saputra,"Wisata semi hiking , tiket masuk murah",setahun lalu,0
Boksun Hendra,Masih alami,5 bulan lalu,0
Eko Purwanto,Mantap jalannya curug 2,2 bulan lalu,1
Kopi Hitam Aja,"Tempatnya enak, adem, sejuk, wisata sekalian olahraga....cape banyak terbayar pas sampai di Curug nya,...ad flying fox juga buat latihan si kecil..",3 tahun lalu,0
Kadmul Tea,"Tempatnya makin rapi makin bersih makin banyak wahananya makin banyak pedagangnya juga, pokoknya makin okelah d banding 10 thn k blkgğŸ˜ğŸ˜",setahun lalu,0
elfarizi,"Destinasi lumayan oke di daerah cisarua, menuju lokasi air terjun jalan dr pintu tiket 1 kiloan. Utk org tua masih oke (asal tidak ada sakit encok), banyak tempat istirahat dan warung jajan disepanjang rute menuju air terjun. Disarankan pas cuaca cerah lebih oke.",setahun lalu,0
Ichsan Amin,"Sudah pastilah disini tempatnya sangat bagus banget buat angel photo pemandangan, Thank's To Allaah S.W.T",setahun lalu,0
santi suryaatmaja,"bagi yg usia golden age dn tebiasa olah raga, bolehlah ngosngosan ",setahun lalu,0
pipin tasripin,Menarik,2 minggu lalu,0
DADAN WILDAN,Murah meriah,setahun lalu,0
Iis Namara,"keren pas curug 7 nya , bbrp akses menuju curug lain ny wktu itu gk ke jangkau dan ad yg d tutup jg karn cuaca jg sih ",setahun lalu,1
Bambang Sunaryadi,"Tempatnya asyik buat keluarga, perjalanan tidak jauh dari jalan raya puncak lokasi mudah dijangkau kendaraan roda 2 & 4",setahun lalu,0
Adi Setiawan,Sejuk,3 minggu lalu,0
Novita Fuji Rachmawaty,Bagus. Tiket masuk per orang 25rb,setahun lalu,0
Hilmy Kamal,Banyak monyet nya takut di cium,4 bulan lalu,1